{
    "providers":[
        {
            "type":"bitmap",
            "file":"minecraft:guis/menus/pixel.png",
            "ascent":-2000,
            "height":-3,
            "chars":[
                "七"
            ]
        },
        {
            "type":"bitmap",
            "file":"minecraft:guis/prefixes/pickle.png",
            "ascent":7,
            "height":8,
            "chars":[
                "ぴ"
            ]
        },
        {
            "type":"bitmap",
            "file":"minecraft:guis/prefixes/onion.png",
            "ascent":7,
            "height":8,
            "chars":[
                "き"
            ]
        },
        {
            "type":"bitmap",
            "file":"minecraft:guis/prefixes/mustard.png",
            "ascent":7,
            "height":8,
            "chars":[
                "ぎ"
            ]
        },
        {
            "type":"bitmap",
            "file":"minecraft:guis/prefixes/ketchup.png",
            "ascent":7,
            "height":8,
            "chars":[
                "く"
            ]
        },
        {
            "type":"bitmap",
            "file":"minecraft:guis/prefixes/hotdog.png",
            "ascent":7,
            "height":8,
            "chars":[
                "ぐ"
            ]
        },
        {
            "type":"bitmap",
            "file":"minecraft:guis/prefixes/helper.png",
            "ascent":7,
            "height":8,
            "chars":[
                "ㅄ"
            ]
        },
        {
            "type":"bitmap",
            "file":"minecraft:guis/prefixes/mod.png",
            "ascent":7,
            "height":8,
            "chars":[
                "ㅅ"
            ]
        },
        {
            "type":"bitmap",
            "file":"minecraft:guis/prefixes/dev.png",
            "ascent":7,
            "height":8,
            "chars":[
                "ㅆ"
            ]
        },
        {
            "type":"bitmap",
            "file":"minecraft:guis/prefixes/admin.png",
            "ascent":7,
            "height":8,
            "chars":[
                "ㅇ"
            ]
        },
        {
            "type":"bitmap",
            "file":"minecraft:guis/prefixes/owner.png",
            "ascent":7,
            "height":8,
            "chars":[
                "ㅈ"
            ]
        },





        {
            "type":"bitmap",
            "file":"minecraft:guis/prefixes/levelone.png",
            "ascent":7,
            "height":8,
            "chars":[
                "ㄳ"
            ]
        },
        {
            "type":"bitmap",
            "file":"minecraft:guis/prefixes/leveltwo.png",
            "ascent":7,
            "height":8,
            "chars":[
                "ㄴ"
            ]
        },
        {
            "type":"bitmap",
            "file":"minecraft:guis/prefixes/levelthree.png",
            "ascent":7,
            "height":8,
            "chars":[
                "ㄵ"
            ]
        },
        {
            "type":"bitmap",
            "file":"minecraft:guis/prefixes/levelfour.png",
            "ascent":7,
            "height":8,
            "chars":[
                "ㄶ"
            ]
        },
        {
            "type":"bitmap",
            "file":"minecraft:guis/prefixes/levelfive.png",
            "ascent":7,
            "height":8,
            "chars":[
                "ㄷ"
            ]
        },
        {
            "type":"bitmap",
            "file":"minecraft:guis/prefixes/levelsix.png",
            "ascent":7,
            "height":8,
            "chars":[
                "ㄸ"
            ]
        },
        {
            "type":"bitmap",
            "file":"minecraft:guis/prefixes/levelseven.png",
            "ascent":7,
            "height":8,
            "chars":[
                "ㄹ"
            ]
        },
        {
            "type":"bitmap",
            "file":"minecraft:guis/prefixes/leveleight.png",
            "ascent":7,
            "height":8,
            "chars":[
                "ㄺ"
            ]
        },
        {
            "type":"bitmap",
            "file":"minecraft:guis/prefixes/levelnine.png",
            "ascent":7,
            "height":8,
            "chars":[
                "ㄻ"
            ]
        },
        {
            "type":"bitmap",
            "file":"minecraft:guis/prefixes/levelten.png",
            "ascent":7,
            "height":8,
            "chars":[
                "ㄼ"
            ]
        },
        {
            "type":"bitmap",
            "file":"minecraft:guis/prefixes/leveleleven.png",
            "ascent":7,
            "height":8,
            "chars":[
                "ㄽ"
            ]
        },
        {
            "type":"bitmap",
            "file":"minecraft:guis/prefixes/leveltwelve.png",
            "ascent":7,
            "height":8,
            "chars":[
                "ㄾ"
            ]
        },
        {
            "type":"bitmap",
            "file":"minecraft:guis/prefixes/levelthirdteen.png",
            "ascent":7,
            "height":8,
            "chars":[
                "ㄿ"
            ]
        },
        {
            "type":"bitmap",
            "file":"minecraft:guis/prefixes/levelfourteen.png",
            "ascent":7,
            "height":8,
            "chars":[
                "ㅀ"
            ]
        },
        {
            "type":"bitmap",
            "file":"minecraft:guis/prefixes/levelfifthteen.png",
            "ascent":7,
            "height":8,
            "chars":[
                "ㅁ"
            ]
        },






        {
            "type":"bitmap",
            "file":"minecraft:guis/menus/toolskins/toolskinsmenu.png",
            "ascent":14,
            "height":111,
            "chars":[
                "ㅎ"
            ]
        },
        {
            "type":"bitmap",
            "file":"minecraft:guis/menus/toolskins/toolskinsdiamond.png",
            "ascent":17,
            "height":132,
            "chars":[
                "ㅍ"
            ]
        },
        {
            "type":"bitmap",
            "file":"minecraft:guis/menus/toolskins/toolskinsnetherite.png",
            "ascent":17,
            "height":132,
            "chars":[
                "ㅏ"
            ]
        },








        {
            "type":"bitmap",
            "file":"minecraft:guis/icons/staricon.png",
            "ascent":7,
            "height":7,
            "chars":[
                "け"
            ]
        },
        {
            "type":"bitmap",
            "file":"minecraft:guis/icons/auction.png",
            "ascent":16,
            "height":16,
            "chars":[
                "Ⓦ"
            ]
        },
        {
            "type":"bitmap",
            "file":"minecraft:guis/icons/npc.png",
            "ascent":9,
            "height":16,
            "chars":[
                "Ⓨ"
            ]
        },
        {
            "type":"bitmap",
            "file":"minecraft:guis/icons/shop.png",
            "ascent":16,
            "height":16,
            "chars":[
                "Ⓩ"
            ]
        },
        {
            "type":"bitmap",
            "file":"minecraft:guis/icons/toolskins.png",
            "ascent":16,
            "height":16,
            "chars":[
                "ㅒ"
            ]
        },
        {
            "type":"bitmap",
            "file":"minecraft:guis/icons/leaderboards.png",
            "ascent":16,
            "height":16,
            "chars":[
                "⑃"
            ]
        },
        {
            "type":"bitmap",
            "file":"minecraft:guis/menus/playermenu.png",
            "ascent":29,
            "height":108,
            "chars":[
                "ぼ"
            ]
        },
        {
            "type":"bitmap",
            "file":"minecraft:guis/menus/rewards.png",
            "ascent":19,
            "height":98,
            "chars":[
                "ご"
            ]
        },
        {
            "type":"bitmap",
            "file":"minecraft:guis/menus/kitsmenus/kits.png",
            "ascent":19,
            "height":98,
            "chars":[
                "さ"
            ]
        },
        {
            "type":"bitmap",
            "file":"minecraft:guis/menus/kitsmenus/rankedkits.png",
            "ascent":19,
            "height":98,
            "chars":[
                "ざ"
            ]
        },
        {
            "type":"bitmap",
            "file":"minecraft:guis/menus/kitsmenus/starterkits.png",
            "ascent":19,
            "height":98,
            "chars":[
                "し"
            ]
        },
        {
            "type":"bitmap",
            "file":"minecraft:guis/menus/kitsmenus/kitpreview.png",
            "ascent":20,
            "height":135,
            "chars":[
                "╩"
            ]
        },
        {
            "type":"bitmap",
            "file":"minecraft:guis/menus/warps.png",
            "ascent":29,
            "height":90,
            "chars":[
                "じ"
            ]
        },
        {
            "type":"bitmap",
            "file":"minecraft:guis/menus/worlds.png",
            "ascent":14,
            "height":129,
            "chars":[
                "ㅯ"
            ]
        },
        {
            "type":"bitmap",
            "file":"minecraft:guis/icons/clock.png",
            "ascent":7,
            "height":7,
            "chars":[
                "㊈"
            ]
        },
        {
            "type":"bitmap",
            "file":"minecraft:guis/icons/votes.png",
            "ascent":7,
            "height":7,
            "chars":[
                "㊇"
            ]
        },
        {
            "type":"bitmap",
            "file":"minecraft:guis/icons/feather.png",
            "ascent":7,
            "height":7,
            "chars":[
                "ㅋ"
            ]
        },
        {
            "type":"bitmap",
            "file":"minecraft:guis/icons/coin.png",
            "ascent":7,
            "height":7,
            "chars":[
                "㊆"
            ]
        },
        {
            "type":"bitmap",
            "file":"minecraft:guis/icons/money.png",
            "ascent":7,
            "height":7,
            "chars":[
                "㊅"
            ]
        },
        {
            "type":"bitmap",
            "file":"minecraft:guis/icons/worlds.png",
            "ascent":7,
            "height":7,
            "chars":[
                "ㅊ"
            ]
        },
        {
            "type":"bitmap",
            "file":"minecraft:guis/icons/sword.png",
            "ascent":7,
            "height":7,
            "chars":[
                "㊄"
            ]
        },
        {
            "type":"bitmap",
            "file":"minecraft:guis/icons/coinshop.png",
            "ascent":16,
            "height":16,
            "chars":[
                "╇"
            ]
        },
        {
            "type":"bitmap",
            "file":"minecraft:guis/icons/cosmetics.png",
            "ascent":16,
            "height":16,
            "chars":[
                "╈"
            ]
        },
        {
            "type":"bitmap",
            "file":"minecraft:guis/icons/deliveries.png",
            "ascent":16,
            "height":16,
            "chars":[
                "╉"
            ]
        },
        {
            "type":"bitmap",
            "file":"minecraft:guis/icons/factories.png",
            "ascent":16,
            "height":16,
            "chars":[
                "╊"
            ]
        },
        {
            "type":"bitmap",
            "file":"minecraft:guis/icons/help.png",
            "ascent":16,
            "height":16,
            "chars":[
                "╋"
            ]
        },
        {
            "type":"bitmap",
            "file":"minecraft:guis/icons/jobs.png",
            "ascent":16,
            "height":16,
            "chars":[
                "╒"
            ]
        },
        {
            "type":"bitmap",
            "file":"minecraft:guis/icons/kits.png",
            "ascent":16,
            "height":16,
            "chars":[
                "╕"
            ]
        },
        {
            "type":"bitmap",
            "file":"minecraft:guis/icons/levels.png",
            "ascent":16,
            "height":16,
            "chars":[
                "╓"
            ]
        },
        {
            "type":"bitmap",
            "file":"minecraft:guis/icons/pw.png",
            "ascent":16,
            "height":16,
            "chars":[
                "╖"
            ]
        },
        {
            "type":"bitmap",
            "file":"minecraft:guis/icons/quests.png",
            "ascent":16,
            "height":16,
            "chars":[
                "╔"
            ]
        },
        {
            "type":"bitmap",
            "file":"minecraft:guis/icons/rewards.png",
            "ascent":16,
            "height":16,
            "chars":[
                "╗"
            ]
        },
        {
            "type":"bitmap",
            "file":"minecraft:guis/icons/rtp.png",
            "ascent":16,
            "height":16,
            "chars":[
                "╘"
            ]
        },
        {
            "type":"bitmap",
            "file":"minecraft:guis/icons/skills.png",
            "ascent":16,
            "height":16,
            "chars":[
                "╛"
            ]
        },
        {
            "type":"bitmap",
            "file":"minecraft:guis/icons/store.png",
            "ascent":16,
            "height":16,
            "chars":[
                "╙"
            ]
        },
        {
            "type":"bitmap",
            "file":"minecraft:guis/icons/tags.png",
            "ascent":16,
            "height":16,
            "chars":[
                "╜"
            ]
        },
        {
            "type":"bitmap",
            "file":"minecraft:guis/icons/teams.png",
            "ascent":16,
            "height":16,
            "chars":[
                "╚"
            ]
        },
        {
            "type":"bitmap",
            "file":"minecraft:guis/icons/warps.png",
            "ascent":16,
            "height":16,
            "chars":[
                "╝"
            ]
        },
        {
            "type":"bitmap",
            "file":"minecraft:guis/icons/weekendgrinder.png",
            "ascent":16,
            "height":16,
            "chars":[
                "╞"
            ]
        },
        {
            "type":"bitmap",
            "file":"minecraft:guis/menus/leaderboards/leaderboards.png",
            "ascent":38,
            "height":135,
            "chars":[
                "㊃"
            ]
        },
        {
            "type":"bitmap",
            "file":"minecraft:guis/menus/levels/levels.png",
            "ascent":31,
            "height":128,
            "chars":[
                "ⓜ"
            ]
        },
        {
            "type":"bitmap",
            "file":"minecraft:guis/menus/tags/tagsone.png",
            "ascent":38,
            "height":135,
            "chars":[
                "╟"
            ]
        },
        {
            "type":"bitmap",
            "file":"minecraft:guis/menus/tags/tagstwo.png",
            "ascent":38,
            "height":135,
            "chars":[
                "╢"
            ]
        },
        {
            "type":"bitmap",
            "file":"minecraft:guis/menus/tags/tagsthree.png",
            "ascent":38,
            "height":135,
            "chars":[
                "╠"
            ]
        },
        {
            "type":"bitmap",
            "file":"minecraft:guis/menus/teams/teams.png",
            "ascent":29,
            "height":108,
            "chars":[
                "╪"
            ]
        },
        {
            "type":"bitmap",
            "file":"minecraft:guis/menus/playerwarps/playerwarps.png",
            "ascent":35,
            "height":96,
            "chars":[
                "╫"
            ]
        },
        {
            "type":"bitmap",
            "file":"minecraft:guis/menus/playerwarps/warps.png",
            "ascent":20,
            "height":135,
            "chars":[
                "╬"
            ]
        },
        {
            "type":"bitmap",
            "file":"minecraft:guis/menus/playerwarps/mywarps.png",
            "ascent":20,
            "height":135,
            "chars":[
                "〒"
            ]
        },
        {
            "type":"bitmap",
            "file":"minecraft:guis/menus/playerwarps/favourite.png",
            "ascent":20,
            "height":135,
            "chars":[
                "⊢"
            ]
        },
        {
            "type":"bitmap",
            "file":"minecraft:guis/menus/playerwarps/visitedwarps.png",
            "ascent":20,
            "height":135,
            "chars":[
                "⊣"
            ]
        },
        {
            "type":"bitmap",
            "file":"minecraft:guis/menus/playerwarps/managewarp.png",
            "ascent":20,
            "height":117,
            "chars":[
                "⊤"
            ]
        },
        {
            "type":"bitmap",
            "file":"minecraft:guis/menus/coinshop/coinshop.png",
            "ascent":19,
            "height":98,
            "chars":[
                "⊥"
            ]
        },
        {
            "type":"bitmap",
            "file":"minecraft:guis/menus/coinshop/keys.png",
            "ascent":19,
            "height":98,
            "chars":[
                "╭"
            ]
        },
        {
            "type":"bitmap",
            "file":"minecraft:guis/menus/coinshop/backpack.png",
            "ascent":19,
            "height":98,
            "chars":[
                "╮"
            ]
        },
        {
            "type":"bitmap",
            "file":"minecraft:guis/menus/coinshop/claimblocks.png",
            "ascent":19,
            "height":98,
            "chars":[
                "╯"
            ]
        },
        {
            "type":"bitmap",
            "file":"minecraft:guis/menus/coinshop/flytime.png",
            "ascent":19,
            "height":98,
            "chars":[
                "╰"
            ]
        },













        {
            "type":"bitmap",
            "file":"minecraft:guis/menus/settings/settingsone.png",
            "ascent":29,
            "height":108,
            "chars":[
                "ㄱ"
            ]
        },
        {
            "type":"bitmap",
            "file":"minecraft:guis/menus/settings/settingstwo.png",
            "ascent":29,
            "height":108,
            "chars":[
                "ㄲ"
            ]
        },













        {
            "type":"bitmap",
            "file":"minecraft:guis/menus/ranks/green.png",
            "ascent":32,
            "height":75,
            "chars":[
                "⊦"
            ]
        },
        {
            "type":"bitmap",
            "file":"minecraft:guis/menus/ranks/blue.png",
            "ascent":32,
            "height":75,
            "chars":[
                "⊧"
            ]
        },
        {
            "type":"bitmap",
            "file":"minecraft:guis/menus/ranks/yellow.png",
            "ascent":32,
            "height":75,
            "chars":[
                "⊨"
            ]
        },
        {
            "type":"bitmap",
            "file":"minecraft:guis/menus/ranks/red.png",
            "ascent":32,
            "height":75,
            "chars":[
                "⊩"
            ]
        },
        {
            "type":"bitmap",
            "file":"minecraft:guis/menus/ranks/orange.png",
            "ascent":32,
            "height":75,
            "chars":[
                "⊪"
            ]
        },









        {
            "type":"bitmap",
            "file":"minecraft:guis/menus/cosmetics/menu.png",
            "ascent":19,
            "height":98,
            "chars":[
                "╣"
            ]
        },
        {
            "type":"bitmap",
            "file":"minecraft:guis/menus/cosmetics/particles.png",
            "ascent":20,
            "height":135,
            "chars":[
                "╥"
            ]
        },
        {
            "type":"bitmap",
            "file":"minecraft:guis/menus/cosmetics/hats.png",
            "ascent":20,
            "height":135,
            "chars":[
                "╨"
            ]
        },

        {
            "type":"bitmap",
            "file":"minecraft:guis/menus/cosmetics/emotes.png",
            "ascent":20,
            "height":135,
            "chars":[
                "╧"
            ]
        },

        {
            "type":"bitmap",
            "file":"minecraft:guis/menus/cosmetics/pets.png",
            "ascent":20,
            "height":135,
            "chars":[
                "╤"
            ]
        },
        {
            "type":"bitmap",
            "file":"minecraft:guis/menus/cosmetics/gadgets.png",
            "ascent":20,
            "height":135,
            "chars":[
                "╦"
            ]
        },



















        {
            "type":"bitmap",
            "file":"minecraft:guis/tags/banana.png",
           "ascent":8,
            "height":9,
            "chars":[
                "﹄"
            ]
        },
        {
            "type":"bitmap",
            "file":"minecraft:guis/tags/bat.png",
            "ascent":8,
            "height":9,
            "chars":[
                "﹃"
            ]
        },
        {
            "type":"bitmap",
            "file":"minecraft:guis/tags/beachball.png",
            "ascent":8,
            "height":9,
            "chars":[
                "﹂"
            ]
        },
        {
            "type":"bitmap",
            "file":"minecraft:guis/tags/berry.png",
            "ascent":8,
            "height":9,
            "chars":[
                "﹁"
            ]
        },
        {
            "type":"bitmap",
            "file":"minecraft:guis/tags/blackcat.png",
            "ascent":8,
            "height":9,
            "chars":[
                "┕"
            ]
        },
        {
            "type":"bitmap",
            "file":"minecraft:guis/tags/bone.png",
            "ascent":8,
            "height":9,
            "chars":[
                "┓"
            ]
        },
        {
            "type":"bitmap",
            "file":"minecraft:guis/tags/book.png",
            "ascent":8,
            "height":9,
            "chars":[
                "└"
            ]
        },
        {
            "type":"bitmap",
            "file":"minecraft:guis/tags/candy.png",
            "ascent":8,
            "height":9,
            "chars":[
                "┐"
            ]
        },
        {
            "type":"bitmap",
            "file":"minecraft:guis/tags/captainamericashield.png",
            "ascent":8,
            "height":9,
            "chars":[
                "┖"
            ]
        },
        {
            "type":"bitmap",
            "file":"minecraft:guis/tags/cherryblossom.png",
            "ascent":8,
            "height":9,
            "chars":[
                "┒"
            ]
        },
        {
            "type":"bitmap",
            "file":"minecraft:guis/tags/christmastree.png",
            "ascent":8,
            "height":9,
            "chars":[
                "┗"
            ]
        },
        {
            "type":"bitmap",
            "file":"minecraft:guis/tags/claw.png",
            "ascent":8,
            "height":9,
            "chars":[
                "┑"
            ]
        },
        {
            "type":"bitmap",
            "file":"minecraft:guis/tags/cookie.png",
            "ascent":8,
            "height":9,
            "chars":[
                "┍"
            ]
        },
        {
            "type":"bitmap",
            "file":"minecraft:guis/tags/cyclops.png",
            "ascent":8,
            "height":9,
            "chars":[
                "┙"
            ]
        },
        {
            "type":"bitmap",
            "file":"minecraft:guis/tags/diamond.png",
            "ascent":8,
            "height":9,
            "chars":[
                "┏"
            ]
        },
        {
            "type":"bitmap",
            "file":"minecraft:guis/tags/eatenapple.png",
            "ascent":8,
            "height":9,
            "chars":[
                "┛"
            ]
        },
        {
            "type":"bitmap",
            "file":"minecraft:guis/tags/elf.png",
            "ascent":8,
            "height":9,
            "chars":[
                "┎"
            ]
        },
        {
            "type":"bitmap",
            "file":"minecraft:guis/tags/feather.png",
            "ascent":8,
            "height":9,
            "chars":[
                "┚"
            ]
        },
        {
            "type":"bitmap",
            "file":"minecraft:guis/tags/frog.png",
            "ascent":8,
            "height":9,
            "chars":[
                "┌"
            ]
        },
        {
            "type":"bitmap",
            "file":"minecraft:guis/tags/ghost.png",
            "ascent":8,
            "height":9,
            "chars":[
                "┘"
            ]
        },
        {
            "type":"bitmap",
            "file":"minecraft:guis/tags/glasses.png",
            "ascent":8,
            "height":9,
            "chars":[
                "「"
            ]
        },
        {
            "type":"bitmap",
            "file":"minecraft:guis/tags/goron.png",
            "ascent":8,
            "height":9,
            "chars":[
                "」"
            ]
        },
        {
            "type":"bitmap",
            "file":"minecraft:guis/tags/helmet.png",
            "ascent":8,
            "height":9,
            "chars":[
                "『"
            ]
        },
        {
            "type":"bitmap",
            "file":"minecraft:guis/tags/icecream.png",
            "ascent":8,
            "height":9,
            "chars":[
                "』"
            ]
        },
        {
            "type":"bitmap",
            "file":"minecraft:guis/tags/impostor.png",
            "ascent":8,
            "height":9,
            "chars":[
                "˩"
            ]
        },
        {
            "type":"bitmap",
            "file":"minecraft:guis/tags/key.png",
            "ascent":8,
            "height":9,
            "chars":[
                "˥"
            ]
        },
        {
            "type":"bitmap",
            "file":"minecraft:guis/tags/knife.png",
            "ascent":8,
            "height":9,
            "chars":[
                "├"
            ]
        },
        {
            "type":"bitmap",
            "file":"minecraft:guis/tags/kokiri.png",
            "ascent":8,
            "height":9,
            "chars":[
                "┝"
            ]
        },
        {
            "type":"bitmap",
            "file":"minecraft:guis/tags/leaf.png",
            "ascent":8,
            "height":9,
            "chars":[
                "┞"
            ]
        },
        {
            "type":"bitmap",
            "file":"minecraft:guis/tags/leek.png",
            "ascent":8,
            "height":9,
            "chars":[
                "┟"
            ]
        },
        {
            "type":"bitmap",
            "file":"minecraft:guis/tags/medal.png",
            "ascent":8,
            "height":9,
            "chars":[
                "┠"
            ]
        },
        {
            "type":"bitmap",
            "file":"minecraft:guis/tags/mushroom.png",
            "ascent":8,
            "height":9,
            "chars":[
                "┡"
            ]
        },
        {
            "type":"bitmap",
            "file":"minecraft:guis/tags/mystery.png",
            "ascent":8,
            "height":9,
            "chars":[
                "┢"
            ]
        },
        {
            "type":"bitmap",
            "file":"minecraft:guis/tags/patron.png",
            "ascent":8,
            "height":9,
            "chars":[
                "┣"
            ]
        },
        {
            "type":"bitmap",
            "file":"minecraft:guis/tags/penguin.png",
            "ascent":8,
            "height":9,
            "chars":[
                "┤"
            ]
        },
        {
            "type":"bitmap",
            "file":"minecraft:guis/tags/pixie.png",
            "ascent":8,
            "height":9,
            "chars":[
                "┥"
            ]
        },
        {
            "type":"bitmap",
            "file":"minecraft:guis/tags/pride.png",
            "ascent":8,
            "height":9,
            "chars":[
                "┦"
            ]
        },
        {
            "type":"bitmap",
            "file":"minecraft:guis/tags/pumpkin.png",
            "ascent":8,
            "height":9,
            "chars":[
                "┧"
            ]
        },
        {
            "type":"bitmap",
            "file":"minecraft:guis/tags/redimpostor.png",
            "ascent":8,
            "height":9,
            "chars":[
                "┨"
            ]
        },
        {
            "type":"bitmap",
            "file":"minecraft:guis/tags/rocket.png",
            "ascent":8,
            "height":9,
            "chars":[
                "┩"
            ]
        },
        {
            "type":"bitmap",
            "file":"minecraft:guis/tags/rudolf.png",
            "ascent":8,
            "height":9,
            "chars":[
                "┪"
            ]
        },
        {
            "type":"bitmap",
            "file":"minecraft:guis/tags/santa.png",
            "ascent":8,
            "height":9,
            "chars":[
                "┫"
            ]
        },
        {
            "type":"bitmap",
            "file":"minecraft:guis/tags/skyrim.png",
            "ascent":8,
            "height":9,
            "chars":[
                "┬"
            ]
        },
        {
            "type":"bitmap",
            "file":"minecraft:guis/tags/snake.png",
            "ascent":8,
            "height":9,
            "chars":[
                "┭"
            ]
        },
        {
            "type":"bitmap",
            "file":"minecraft:guis/tags/snowflake.png",
            "ascent":8,
            "height":9,
            "chars":[
                "┮"
            ]
        },
        {
            "type":"bitmap",
            "file":"minecraft:guis/tags/star.png",
            "ascent":8,
            "height":9,
            "chars":[
                "┯"
            ]
        },
        {
            "type":"bitmap",
            "file":"minecraft:guis/tags/supermushroom.png",
            "ascent":8,
            "height":9,
            "chars":[
                "┰"
            ]
        },
        {
            "type":"bitmap",
            "file":"minecraft:guis/tags/triforce.png",
            "ascent":8,
            "height":9,
            "chars":[
                "┱"
            ]
        },
        {
            "type":"bitmap",
            "file":"minecraft:guis/tags/whichhat.png",
            "ascent":8,
            "height":9,
            "chars":[
                "┲"
            ]
        },
        {
            "type":"bitmap",
            "file":"minecraft:guis/tags/zora.png",
            "ascent":8,
            "height":9,
            "chars":[
                "┳"
            ]
        },

























        {
            "type":"bitmap",
            "file":"minecraft:guis/menus/factorymenus/factoriesmenuwheat.png",
            "ascent":20,
            "height":135,
            "chars":[
                "す"
            ]
        },
        {
            "type":"bitmap",
            "file":"minecraft:guis/menus/factorymenus/factorieswheat.png",
            "ascent":20,
            "height":135,
            "chars":[
                "ず"
            ]
        },
        {
            "type":"bitmap",
            "file":"minecraft:guis/messages/fcompleted.png",
            "ascent":32,
            "height":32,
            "chars":[
                "み"
            ]
        },
        {
            "type":"bitmap",
            "file":"minecraft:guis/menus/factorymenus/factoriesall.png",
            "ascent":20,
            "height":135,
            "chars":[
                "ま"
            ]
        },
        {
            "type":"bitmap",
            "file":"minecraft:guis/menus/factorymenus/factoriesmilestones.png",
            "ascent":20,
            "height":135,
            "chars":[
                "ぽ"
            ]
        },
        {
            "type":"bitmap",
            "file":"minecraft:guis/menus/factorymenus/factoriesresearchone.png",
            "ascent":20,
            "height":135,
            "chars":[
                "ぺ"
            ]
        },
        {
            "type":"bitmap",
            "file":"minecraft:guis/menus/factorymenus/factoriesresearchtwo.png",
            "ascent":20,
            "height":135,
            "chars":[
                "べ"
            ]
        },
        {
            "type":"bitmap",
            "file":"minecraft:guis/menus/factorymenus/factoriesresearchthree.png",
            "ascent":20,
            "height":135,
            "chars":[
                "へ"
            ]
        },






        {
            "type":"bitmap",
            "file":"minecraft:guis/menus/factorymenus/factoriesarrow.png",
            "ascent":20,
            "height":135,
            "chars":[
                "㊊"
            ]
        },
        {
            "type":"bitmap",
            "file":"minecraft:guis/menus/factorymenus/factoriesbook.png",
            "ascent":20,
            "height":135,
            "chars":[
                "㊋"
            ]
        },
        {
            "type":"bitmap",
            "file":"minecraft:guis/menus/factorymenus/factoriesbrick.png",
            "ascent":20,
            "height":135,
            "chars":[
                "㊌"
            ]
        },
        {
            "type":"bitmap",
            "file":"minecraft:guis/menus/factorymenus/factoriescharcoal.png",
            "ascent":20,
            "height":135,
            "chars":[
                "㊍"
            ]
        },
        {
            "type":"bitmap",
            "file":"minecraft:guis/menus/factorymenus/factoriescopper.png",
            "ascent":20,
            "height":135,
            "chars":[
                "㊎"
            ]
        },
        {
            "type":"bitmap",
            "file":"minecraft:guis/menus/factorymenus/factoriesdiamond.png",
            "ascent":20,
            "height":135,
            "chars":[
                "㊏"
            ]
        },
        {
            "type":"bitmap",
            "file":"minecraft:guis/menus/factorymenus/factoriesfirework.png",
            "ascent":20,
            "height":135,
            "chars":[
                "㊐"
            ]
        },
        {
            "type":"bitmap",
            "file":"minecraft:guis/menus/factorymenus/factoriesgasoline.png",
            "ascent":20,
            "height":135,
            "chars":[
                "㊑"
            ]
        },
        {
            "type":"bitmap",
            "file":"minecraft:guis/menus/factorymenus/factoriesgold.png",
            "ascent":20,
            "height":135,
            "chars":[
                "㊒"
            ]
        },
        {
            "type":"bitmap",
            "file":"minecraft:guis/menus/factorymenus/factorieshydrogen.png",
            "ascent":20,
            "height":135,
            "chars":[
                "㊓"
            ]
        },
        {
            "type":"bitmap",
            "file":"minecraft:guis/menus/factorymenus/factoriesironingot.png",
            "ascent":20,
            "height":135,
            "chars":[
                "㊔"
            ]
        },
        {
            "type":"bitmap",
            "file":"minecraft:guis/menus/factorymenus/factoriesitemframe.png",
            "ascent":20,
            "height":135,
            "chars":[
                "㊕"
            ]
        },
        {
            "type":"bitmap",
            "file":"minecraft:guis/menus/factorymenus/factoriesnetherite.png",
            "ascent":20,
            "height":135,
            "chars":[
                "㊖"
            ]
        },
        {
            "type":"bitmap",
            "file":"minecraft:guis/menus/factorymenus/factoriesnetherstar.png",
            "ascent":20,
            "height":135,
            "chars":[
                "㊗"
            ]
        },
        {
            "type":"bitmap",
            "file":"minecraft:guis/menus/factorymenus/factoriesoil.png",
            "ascent":20,
            "height":135,
            "chars":[
                "㊘"
            ]
        },
        {
            "type":"bitmap",
            "file":"minecraft:guis/menus/factorymenus/factoriesquartz.png",
            "ascent":20,
            "height":135,
            "chars":[
                "㊙"
            ]
        },
        {
            "type":"bitmap",
            "file":"minecraft:guis/menus/factorymenus/factoriesstring.png",
            "ascent":20,
            "height":135,
            "chars":[
                "㊚"
            ]
        },
        {
            "type":"bitmap",
            "file":"minecraft:guis/menus/factorymenus/factoriesuranium.png",
            "ascent":20,
            "height":135,
            "chars":[
                "㊛"
            ]
        },
        {
            "type":"bitmap",
            "file":"minecraft:guis/menus/factorymenus/factorieswood.png",
            "ascent":20,
            "height":135,
            "chars":[
                "㊜"
            ]
        },



        {
            "type":"bitmap",
            "file":"minecraft:guis/menus/factorymenus/factoriesmenuarrow.png",
            "ascent":20,
            "height":135,
            "chars":[
                "㊝"
            ]
        },
        {
            "type":"bitmap",
            "file":"minecraft:guis/menus/factorymenus/factoriesmenubook.png",
            "ascent":20,
            "height":135,
            "chars":[
                "㊞"
            ]
        },
        {
            "type":"bitmap",
            "file":"minecraft:guis/menus/factorymenus/factoriesmenubrick.png",
            "ascent":20,
            "height":135,
            "chars":[
                "㊟"
            ]
        },
        {
            "type":"bitmap",
            "file":"minecraft:guis/menus/factorymenus/factoriesmenucharcoal.png",
            "ascent":20,
            "height":135,
            "chars":[
                "㊠"
            ]
        },
        {
            "type":"bitmap",
            "file":"minecraft:guis/menus/factorymenus/factoriesmenucopper.png",
            "ascent":20,
            "height":135,
            "chars":[
                "㊡"
            ]
        },
        {
            "type":"bitmap",
            "file":"minecraft:guis/menus/factorymenus/factoriesmenudiamond.png",
            "ascent":20,
            "height":135,
            "chars":[
                "㊢"
            ]
        },
        {
            "type":"bitmap",
            "file":"minecraft:guis/menus/factorymenus/factoriesmenufirework.png",
            "ascent":20,
            "height":135,
            "chars":[
                "㊣"
            ]
        },
        {
            "type":"bitmap",
            "file":"minecraft:guis/menus/factorymenus/factoriesmenugasoline.png",
            "ascent":20,
            "height":135,
            "chars":[
                "㊤"
            ]
        },
        {
            "type":"bitmap",
            "file":"minecraft:guis/menus/factorymenus/factoriesmenugold.png",
            "ascent":20,
            "height":135,
            "chars":[
                "㊥"
            ]
        },
        {
            "type":"bitmap",
            "file":"minecraft:guis/menus/factorymenus/factoriesmenuhydrogen.png",
            "ascent":20,
            "height":135,
            "chars":[
                "㊦"
            ]
        },
        {
            "type":"bitmap",
            "file":"minecraft:guis/menus/factorymenus/factoriesmenuironingot.png",
            "ascent":20,
            "height":135,
            "chars":[
                "㊧"
            ]
        },
        {
            "type":"bitmap",
            "file":"minecraft:guis/menus/factorymenus/factoriesmenuitemframe.png",
            "ascent":20,
            "height":135,
            "chars":[
                "㊨"
            ]
        },
        {
            "type":"bitmap",
            "file":"minecraft:guis/menus/factorymenus/factoriesmenunetherite.png",
            "ascent":20,
            "height":135,
            "chars":[
                "㊩"
            ]
        },
        {
            "type":"bitmap",
            "file":"minecraft:guis/menus/factorymenus/factoriesmenunetherstar.png",
            "ascent":20,
            "height":135,
            "chars":[
                "㊪"
            ]
        },
        {
            "type":"bitmap",
            "file":"minecraft:guis/menus/factorymenus/factoriesmenuoil.png",
            "ascent":20,
            "height":135,
            "chars":[
                "㊫"
            ]
        },
        {
            "type":"bitmap",
            "file":"minecraft:guis/menus/factorymenus/factoriesmenuquartz.png",
            "ascent":20,
            "height":135,
            "chars":[
                "㊬"
            ]
        },
        {
            "type":"bitmap",
            "file":"minecraft:guis/menus/factorymenus/factoriesmenustring.png",
            "ascent":20,
            "height":135,
            "chars":[
                "㊭"
            ]
        },
        {
            "type":"bitmap",
            "file":"minecraft:guis/menus/factorymenus/factoriesmenuuranium.png",
            "ascent":20,
            "height":135,
            "chars":[
                "㊮"
            ]
        },
        {
            "type":"bitmap",
            "file":"minecraft:guis/menus/factorymenus/factoriesmenuwood.png",
            "ascent":20,
            "height":135,
            "chars":[
                "㊯"
            ]
        },









        {
            "type":"bitmap",
            "file":"minecraft:guis/menus/shopmenus/shopmenu.png",
            "ascent":12,
            "height":109,
            "chars":[
                "ㆊ"
            ]
        },
        {
            "type":"bitmap",
            "file":"minecraft:guis/menus/shopmenus/shopblocks.png",
            "ascent":36,
            "height":133,
            "chars":[
                "ㆉ"
            ]
        },
        {
            "type":"bitmap",
            "file":"minecraft:guis/menus/shopmenus/shopminerals.png",
            "ascent":36,
            "height":133,
            "chars":[
                "ㆈ"
            ]
        },
        {
            "type":"bitmap",
            "file":"minecraft:guis/menus/shopmenus/shopmobdrops.png",
            "ascent":36,
            "height":133,
            "chars":[
                "ㆇ"
            ]
        },
        {
            "type":"bitmap",
            "file":"minecraft:guis/menus/shopmenus/shopfarming.png",
            "ascent":36,
            "height":133,
            "chars":[
                "ㆆ"
            ]
        },
        {
            "type":"bitmap",
            "file":"minecraft:guis/menus/shopmenus/shopcolors.png",
            "ascent":36,
            "height":133,
            "chars":[
                "ㆅ"
            ]
        },
        {
            "type":"bitmap",
            "file":"minecraft:guis/menus/shopmenus/shopmisc.png",
            "ascent":36,
            "height":133,
            "chars":[
                "ㆄ"
            ]
        },
        {
            "type":"bitmap",
            "file":"minecraft:guis/menus/shopmenus/shopfoods.png",
            "ascent":36,
            "height":133,
            "chars":[
                "ㆃ"
            ]
        },
        {
            "type":"bitmap",
            "file":"minecraft:guis/menus/shopmenus/shoptransaction.png",
            "ascent":36,
            "height":133,
            "chars":[
                "ㆂ"
            ]
        },





        {
            "type":"bitmap",
            "file":"minecraft:guis/menus/cratemenus/votecrate.png",
            "ascent":31,
            "height":110,
            "chars":[
                "⊫"
            ]
        },
        {
            "type":"bitmap",
            "file":"minecraft:guis/menus/cratemenus/commoncrate.png",
            "ascent":31,
            "height":110,
            "chars":[
                "⊬"
            ]
        },
        {
            "type":"bitmap",
            "file":"minecraft:guis/menus/cratemenus/rarecrate.png",
            "ascent":31,
            "height":110,
            "chars":[
                "ㆁ"
            ]
        },
        {
            "type":"bitmap",
            "file":"minecraft:guis/menus/cratemenus/epiccrate.png",
            "ascent":31,
            "height":110,
            "chars":[
                "⊭"
            ]
        },
        {
            "type":"bitmap",
            "file":"minecraft:guis/menus/cratemenus/superiorcrate.png",
            "ascent":31,
            "height":110,
            "chars":[
                "⊮"
            ]
        },








        {
            "type":"bitmap",
            "file":"minecraft:guis/menus/helpmenu/auction.png",
            "ascent":29,
            "height":108,
            "chars":[
                "č"
            ]
        },
        {
            "type":"bitmap",
            "file":"minecraft:guis/menus/helpmenu/basiccomands.png",
            "ascent":29,
            "height":108,
            "chars":[
                "Ĥ"
            ]
        },
        {
            "type":"bitmap",
            "file":"minecraft:guis/menus/helpmenu/claiming.png",
            "ascent":29,
            "height":108,
            "chars":[
                "ħ"
            ]
        },
        {
            "type":"bitmap",
            "file":"minecraft:guis/menus/helpmenu/coinshop.png",
            "ascent":29,
            "height":108,
            "chars":[
                "ĩ"
            ]
        },
        {
            "type":"bitmap",
            "file":"minecraft:guis/menus/helpmenu/crates.png",
            "ascent":29,
            "height":108,
            "chars":[
                "Ř"
            ]
        },
        {
            "type":"bitmap",
            "file":"minecraft:guis/menus/helpmenu/deliveries.png",
            "ascent":29,
            "height":108,
            "chars":[
                "Ť"
            ]
        },
        {
            "type":"bitmap",
            "file":"minecraft:guis/menus/helpmenu/factories.png",
            "ascent":29,
            "height":108,
            "chars":[
                "Ŵ"
            ]
        },
        {
            "type":"bitmap",
            "file":"minecraft:guis/menus/helpmenu/firststep.png",
            "ascent":29,
            "height":108,
            "chars":[
                "ą"
            ]
        },
        {
            "type":"bitmap",
            "file":"minecraft:guis/menus/helpmenu/jobs.png",
            "ascent":29,
            "height":108,
            "chars":[
                "Ⓐ"
            ]
        },
        {
            "type":"bitmap",
            "file":"minecraft:guis/menus/helpmenu/kits.png",
            "ascent":29,
            "height":108,
            "chars":[
                "Ⓑ"
            ]
        },
        {
            "type":"bitmap",
            "file":"minecraft:guis/menus/helpmenu/leaderboards.png",
            "ascent":29,
            "height":108,
            "chars":[
                "Ⓒ"
            ]
        },
        {
            "type":"bitmap",
            "file":"minecraft:guis/menus/helpmenu/levels.png",
            "ascent":29,
            "height":108,
            "chars":[
                "Ⓓ"
            ]
        },
        {
            "type":"bitmap",
            "file":"minecraft:guis/menus/helpmenu/playerwarps.png",
            "ascent":29,
            "height":108,
            "chars":[
                "Ⓔ"
            ]
        },
        {
            "type":"bitmap",
            "file":"minecraft:guis/menus/helpmenu/quests.png",
            "ascent":29,
            "height":108,
            "chars":[
                "Ⓕ"
            ]
        },
        {
            "type":"bitmap",
            "file":"minecraft:guis/menus/helpmenu/rewards.png",
            "ascent":29,
            "height":108,
            "chars":[
                "Ⓖ"
            ]
        },
        {
            "type":"bitmap",
            "file":"minecraft:guis/menus/helpmenu/safarieggs.png",
            "ascent":29,
            "height":108,
            "chars":[
                "Ⓗ"
            ]
        },
        {
            "type":"bitmap",
            "file":"minecraft:guis/menus/helpmenu/settings.png",
            "ascent":29,
            "height":108,
            "chars":[
                "Ⓘ"
            ]
        },
        {
            "type":"bitmap",
            "file":"minecraft:guis/menus/helpmenu/shop.png",
            "ascent":29,
            "height":108,
            "chars":[
                "Ⓙ"
            ]
        },
        {
            "type":"bitmap",
            "file":"minecraft:guis/menus/helpmenu/skills.png",
            "ascent":29,
            "height":108,
            "chars":[
                "Ž"
            ]
        },
        {
            "type":"bitmap",
            "file":"minecraft:guis/menus/helpmenu/sleeping.png",
            "ascent":29,
            "height":108,
            "chars":[
                "Ⓚ"
            ]
        },
        {
            "type":"bitmap",
            "file":"minecraft:guis/menus/helpmenu/store.png",
            "ascent":29,
            "height":108,
            "chars":[
                "Ⓛ"
            ]
        },
        {
            "type":"bitmap",
            "file":"minecraft:guis/menus/helpmenu/survival.png",
            "ascent":29,
            "height":108,
            "chars":[
                "Ⓜ"
            ]
        },
        {
            "type":"bitmap",
            "file":"minecraft:guis/menus/helpmenu/teams.png",
            "ascent":29,
            "height":108,
            "chars":[
                "Ⓝ"
            ]
        },
        {
            "type":"bitmap",
            "file":"minecraft:guis/menus/helpmenu/voting.png",
            "ascent":29,
            "height":108,
            "chars":[
                "Ⓞ"
            ]
        },
        {
            "type":"bitmap",
            "file":"minecraft:guis/menus/helpmenu/warps.png",
            "ascent":29,
            "height":108,
            "chars":[
                "Ⓟ"
            ]
        },
        {
            "type":"bitmap",
            "file":"minecraft:guis/menus/helpmenu/weekendgrinder.png",
            "ascent":29,
            "height":108,
            "chars":[
                "Ⓠ"
            ]
        },
        {
            "type":"bitmap",
            "file":"minecraft:guis/menus/helpmenu/worlds.png",
            "ascent":29,
            "height":108,
            "chars":[
                "Ⓡ"
            ]
        },






















        {
            "type":"bitmap",
            "file":"minecraft:guis/menus/questmenus/questmenu.png",
            "ascent":38,
            "height":135,
            "chars":[
                "ㆀ"
            ]
        },
        {
            "type":"bitmap",
            "file":"minecraft:guis/menus/questmenus/quests.png",
            "ascent":20,
            "height":135,
            "chars":[
                "ㅿ"
            ]
        },
        {
            "type":"bitmap",
            "file":"minecraft:guis/menus/questmenus/cancellation.png",
            "ascent":15,
            "height":76,
            "chars":[
                "ㅾ"
            ]
        },
        {
            "type":"bitmap",
            "file":"minecraft:guis/menus/weekendgrindermenus/menu.png",
            "ascent":25,
            "height":104,
            "chars":[
                "ㅽ"
            ]
        },
        {
            "type":"bitmap",
            "file":"minecraft:guis/menus/weekendgrindermenus/rewards.png",
            "ascent":25,
            "height":104,
            "chars":[
                "ㅼ"
            ]
        },
        {
            "type":"bitmap",
            "file":"minecraft:guis/menus/weekendgrindermenus/sell.png",
            "ascent":25,
            "height":104,
            "chars":[
                "ㅻ"
            ]
        },






        {
            "type":"bitmap",
            "file":"minecraft:guis/menus/skillsmenu/skills.png",
            "ascent":38,
            "height":135,
            "chars":[
                "ㅺ"
            ]
        },
        {
            "type":"bitmap",
            "file":"minecraft:guis/menus/skillsmenu/stats.png",
            "ascent":38,
            "height":135,
            "chars":[
                "ㅹ"
            ]
        },
        {
            "type":"bitmap",
            "file":"minecraft:guis/menus/skillsmenu/levels.png",
            "ascent":25,
            "height":140,
            "chars":[
                "ㅲ"
            ]
        },
        {
            "type":"bitmap",
            "file":"minecraft:guis/menus/skillsmenu/abilities.png",
            "ascent":25,
            "height":104,
            "chars":[
                "ㅱ"
            ]
        },
        {
            "type":"bitmap",
            "file":"minecraft:guis/menus/skillsmenu/source.png",
            "ascent":12,
            "height":127,
            "chars":[
                "ㅰ"
            ]
        },










        {
            "type":"bitmap",
            "file":"minecraft:guis/menus/auctionmenu/auctionmenu.png",
            "ascent":35,
            "height":114,
            "chars":[
                "ㅸ"
            ]
        },
        {
            "type":"bitmap",
            "file":"minecraft:guis/menus/auctionmenu/auction.png",
            "ascent":20,
            "height":135,
            "chars":[
                "ㅷ"
            ]
        },
        {
            "type":"bitmap",
            "file":"minecraft:guis/menus/auctionmenu/myauctions.png",
            "ascent":20,
            "height":135,
            "chars":[
                "ㅶ"
            ]
        },
        {
            "type":"bitmap",
            "file":"minecraft:guis/menus/auctionmenu/expiredauctions.png",
            "ascent":20,
            "height":135,
            "chars":[
                "ㅵ"
            ]
        },
        {
            "type":"bitmap",
            "file":"minecraft:guis/menus/auctionmenu/confirm.png",
            "ascent":27,
            "height":106,
            "chars":[
                "ㅴ"
            ]
        },






        {
            "type":"bitmap",
            "file":"minecraft:guis/menus/deliveriesmenus/deliveriesmenu.png",
            "ascent":17,
            "height":132,
            "chars":[
                "ㅮ"
            ]
        },
        {
            "type":"bitmap",
            "file":"minecraft:guis/menus/deliveriesmenus/deliveriestypes.png",
            "ascent":21,
            "height":118,
            "chars":[
                "ㅭ"
            ]
        },
        {
            "type":"bitmap",
            "file":"minecraft:guis/menus/deliveriesmenus/minestones.png",
            "ascent":21,
            "height":118,
            "chars":[
                "ㅬ"
            ]
        },







        {
            "type":"bitmap",
            "file":"minecraft:guis/menus/jobsmenus/miner.png",
            "ascent":29,
            "height":108,
            "chars":[
                "ⓩ"
            ]
        },
        {
            "type":"bitmap",
            "file":"minecraft:guis/menus/jobsmenus/digger.png",
            "ascent":29,
            "height":108,
            "chars":[
                "ⓨ"
            ]
        },
        {
            "type":"bitmap",
            "file":"minecraft:guis/menus/jobsmenus/lumberjack.png",
            "ascent":29,
            "height":108,
            "chars":[
                "ⓧ"
            ]
        },
        {
            "type":"bitmap",
            "file":"minecraft:guis/menus/jobsmenus/farmer.png",
            "ascent":29,
            "height":108,
            "chars":[
                "ⓦ"
            ]
        },
        {
            "type":"bitmap",
            "file":"minecraft:guis/menus/jobsmenus/builder.png",
            "ascent":29,
            "height":108,
            "chars":[
                "ⓥ"
            ]
        },
        {
            "type":"bitmap",
            "file":"minecraft:guis/menus/jobsmenus/crafter.png",
            "ascent":29,
            "height":108,
            "chars":[
                "ⓤ"
            ]
        },
        {
            "type":"bitmap",
            "file":"minecraft:guis/menus/jobsmenus/hunter.png",
            "ascent":29,
            "height":108,
            "chars":[
                "ⓣ"
            ]
        },
        {
            "type":"bitmap",
            "file":"minecraft:guis/menus/jobsmenus/shepherd.png",
            "ascent":29,
            "height":108,
            "chars":[
                "ⓢ"
            ]
        },
        {
            "type":"bitmap",
            "file":"minecraft:guis/menus/jobsmenus/fisher.png",
            "ascent":29,
            "height":108,
            "chars":[
                "ⓡ"
            ]
        },
        {
            "type":"bitmap",
            "file":"minecraft:guis/menus/jobsmenus/brewer.png",
            "ascent":29,
            "height":108,
            "chars":[
                "ⓠ"
            ]
        },
        {
            "type":"bitmap",
            "file":"minecraft:guis/menus/jobsmenus/explorer.png",
            "ascent":29,
            "height":108,
            "chars":[
                "ⓟ"
            ]
        },
        {
            "type":"bitmap",
            "file":"minecraft:guis/menus/jobsmenus/blacksmith.png",
            "ascent":29,
            "height":108,
            "chars":[
                "ⓞ"
            ]
        },
        {
            "type":"bitmap",
            "file":"minecraft:guis/menus/jobsmenus/jobsrewards.png",
            "ascent":23,
            "height":102,
            "chars":[
                "ⓝ"
            ]
        }
















    ]
}